{
    "mae": 38.72068215296586,
    "R2": 0.8710187982983798
}
