{
    "mae": 38.725182875544796,
    "R2": 0.8708538843712066
}
