{
    "mae": 38.39959356656668,
    "R2": 0.872041770888845
}
