{
    "mae": 38.75224026202839,
    "R2": 0.8709366079887928
}
