{
    "mae": 38.7761839544244,
    "R2": 0.870843407125682
}
