{
    "mae": 38.7064587709358,
    "R2": 0.8710630084591106
}
