{
    "mae": 38.71156478791749,
    "R2": 0.8708930767882744
}
