{
    "mae": 38.746949700580956,
    "R2": 0.8710759347950228
}
