{
    "mae": 38.339338570852505,
    "R2": 0.8721126024015087
}
