{
    "mae": 38.7710680282588,
    "R2": 0.8706268862971449
}
