{
    "mae": 38.37329540448523,
    "R2": 0.8720871551843812
}
