{
    "mae": 38.73898362747581,
    "R2": 0.8708634001382688
}
