{
    "mae": 38.928890055883976,
    "R2": 0.8696240924219835
}
