{
    "mae": 38.77611118268978,
    "R2": 0.870463215238156
}
