{
    "mae": 39.47253458326858,
    "R2": 0.8659651141251237
}
